{"20240717.134711.428_m_11": 0, "20240717.174355.794_m_7": 0, "20240719.142340.499_m_7": 0, "20240720.163121.627_m_8": 0, "UIH_20240718_0718-002_20240718.142216.336_m_7": 0, "UIH_20240718_0718-004_20240718.172130.613_m_7": 0, "UIH_20240719_0719-001_20240719.102222.606_m_7": 0, "UIH_20240722_0722-001_20240722.100946.854_m_7": 445, "UIH_20240722_0722-003_20240722.192445.712_m_7": 472, "UIH_20240722_0722-004_20240722.162026.320_m_7": 124, "UIH_20240723_0723-002_20240723.151553.855_m_7": 521, "UIH_20240725_0725-004_20240725.160813.006_m_7": 21, "UIH_20240726_0726-001_20240726.100118.968_m_7": 110, "UIH_20240726_0726-002_20240726.133914.555_m_7": 270, "UIH_20240731_0731-001_20240731.112051.845_m_7": 39, "UIH_20240731_0731-002_20240731.110632.348_m_7": 50, "UIH_20240731_0731-003_20240731.104436.353_m_7": 126, "UIH_20240731_0731-004_20240731.100744.831_m_11": 175, "UIH_20240731_0731-005_20240731.190631.851_m_7": 344, "UIH_20240801_0801-002_20240801.104715.381_m_7": 395, "UIH_20240801_0801-004_20240801.142341.266_m_7": 114, "UIH_20240806_0806-001_20240806.134348.876_m_7": 70, "UIH_20240806_0806-002_20240806.141424.133_m_8": 0, "UIH_20240806_0806-004_20240806.165252.276_m_7": 247, "UIH_20240806_0806-005_20240806.170429.370_m_7": 242, "UIH_20240806_0806-007_20240806.173241.103_m_7": 160, "UIH_20240813_0813-003_20240813.105451.310_m_9": 0, "UIH_20240813_0813-003_20240813.110026.974_m_10": 0, "UIH_20240813_0813-003_20240813.110026.974_m_9": 0, "UIH_20240815_0815-005_20240815.110457.183_m_9": 0, "UIH_20240816_0816-001_20240816.102951.711_m_9": 767, "UIH_20240816_0816-002_20240816.133756.511_m_9": 475, "UIH_20240816_0816-003_20240816.141354.776_m_10": 220, "UIH_20240820_0820-001_20240820.101923.758_m_7": 66, "UIH_20240821_0821-001_20240821.093023.999_m_17": 0, "UIH_20240821_0821-001_20240821.093023.999_m_7": 161, "UIH_20240821_0821-001_20240821.094523.582_m_32": 63, "UIH_20240821_0821-002_20240821.100420.258_m_7": 458, "UIH_20240821_0821-002_20240821.101657.020_m_7": 131, "UIH_20240821_0821-003_20240821.103419.427_m_7": 79, "UIH_20240821_0821-003_20240821.104309.368_m_7": 121, "UIH_20240822_0822-001_20240822.092537.688_m_7": 82, "UIH_20240822_0822-001_20240822.092545.361_m_10": 0, "UIH_20240822_0822-003_20240822.100833.411_m_7": 51, "UIH_20240823_0823-001_20240823.093553.790_m_7": 556, "UIH_20240823_0823-002_20240823.093542.705_m_10": 0, "UIH_20240823_0823-002_20240823.100137.142_m_32": 70, "UIH_20240823_0823-003_20240823.104429.393_m_9": 16, "UIH_20240826_0826-001_20240826.092552.128_m_7": 266, "UIH_20240826_0826-002_20240826.095454.110_m_7": 0, "UIH_20240827_0827-001_20240827.095220.646_m_7": 0, "UIH_20240827_0827-002_20240827.092057.932_m_7": 0, "UIH_20240827_0827-003_20240827.103335.696_m_11": 0, "UIH_20240828_0828-001_20240828.095215.222_m_7": 103, "UIH_20240828_0828-002_20240828.101854.381_m_7": 116, "UIH_20240828_0828-003_20240828.102231.306_m_7": 27, "UIH_20240829_0829-001_20240829.093921.757_m_7": 0, "UIH_20240829_0829-002_20240829.100759.241_m_7": 218, "UIH_20240823_0823-003_20240823.101945.241_m_9": 213, "UIH_20240829_0829-003_20240829.104625.735_m_7": 0, "UIH_20240830_0830-001_20240830.091215.709_m_7": 25, "UIH_20240830_0830-001_20240830.093253.862_m_7": 0, "UIH_20240902_0902-001_20240902.100718.429_m_7": 0, "UIH_20240902_0902-002_20240902.104324.693_m_7": 9, "UIH_20240903_0903-005_20240903.105109.821_m_32": 9, "UIH_2024101510104864_m_5_1015-002_2024101510104864_m_5": 1535, "UIH_2024101510252336_m_5_1015-003_2024101510252336_m_5": 1936, "UIH_2024101510571595_m_5_1015-005_2024101510571595_m_5": 1938, "UIH_2024102409402667_m_4_1024-001_2024102409402667_m_4": 363, "UIH_2024102410105470_m_4_1024-002_2024102410105470_m_4": 157, "UIH_2024102410323626_m_5_1024-001_2024102410323626_m_5": 282, "UIH_2024102410505871_m_4_1024-003_2024102410505871_m_4": 474, "UIH_2024102410530754_m_6_1024-002_2024102410530754_m_6": 881, "UIH_2024102411161777_m_4_1024-004_2024102411161777_m_4": 1926, "UIH_2024102411205688_m_3_1024-003_2024102411205688_m_3": 1038, "UIH_2024102411374912_m_5_1024-004_2024102411374912_m_5": 269, "UIH_2024102413594529_m_4_1024-005_2024102413594529_m_4": 291, "UIH_2024102414011051_m_12_1024-005_2024102414011051_m_12": 445, "UIH_2024102414011051_m_4_1024-005_2024102414011051_m_4": 1097, "UIH_2024102414172800_m_4_1024-006_2024102414172800_m_4": 794, "UIH_2024102414203768_m_6_1024-006_2024102414203768_m_6": 670, "UIH_2024102414412879_m_4_1024-007_2024102414412879_m_4": 603, "UIH_2024102414414742_m_4_1024-007_2024102414414742_m_4": 599, "UIH_2024102414484385_m_4_1024-008_2024102414484385_m_4": 962, "UIH_2024102415065783_m_4_1024-009_2024102415065783_m_4": 958, "UIH_2024102415065783_m_5_1024-009_2024102415065783_m_5": 958, "UIH_2024102415065783_m_6_1024-009_2024102415065783_m_6": 718, "UIH_2024102509324327_m_4_1025-001_2024102509324327_m_4": 418, "UIH_2024102509334530_m_4_1025-001_2024102509334530_m_4": 0, "UIH_2024102509512495_m_5_1025-002_2024102509512495_m_5": 386, "UIH_2024102509541325_m_4_1025-002_2024102509541325_m_4": 708, "UIH_2024102510114442_m_4_1025-003_2024102510114442_m_4": 1421, "UIH_2024102510120573_m_4_1025-003_2024102510120573_m_4": 351, "UIH_2024102510244439_m_4_1025-004_2024102510244439_m_4": 2280, "UIH_2024102510353145_m_4_1025-004_2024102510353145_m_4": 1162, "UIH_2024102510474018_m_4_1025-006_2024102510474018_m_4": 337, "UIH_2024102510571207_m_4_1025-006_2024102510571207_m_4": 1275}