{
    "20240717.134711.428_m_8": 0,
    "20240717.174355.794_m_4": 0,
    "20240718.110605.591_m_6": 0,
    "20240718.110605.591_m_9": 0,
    "20240718.151854.996_m_4": 0,
    "20240718.161849.746_m_4": 0,
    "20240718.190530.561_m_4": 0,
    "20240719.101434.864_m_4": 0,
    "20240719.160028.816_m_4": 0,
    "UIH_20240718_0718-001_20240718.102728.977_m_4": 0,
    "UIH_20240718_0718-004_20240718.172130.613_m_4": 0,
    "UIH_20240718_0718-005_20240718.192531.504_m_4": 0,
    "UIH_20240719_0719-001_20240719.102222.606_m_4": 0,
    "UIH_20240720_0720-001_20240720.104459.659_m_4": 3141,
    "UIH_20240722_0722-001_20240722.100946.854_m_4": 472,
    "UIH_20240722_0722-002_20240722.141440.785_m_4": 146,
    "UIH_20240722_0722-003_20240722.192445.712_m_4": 102,
    "UIH_20240722_0722-004_20240722.162026.320_m_4": 909,
    "UIH_20240722_0722-005_20240722.195636.828_m_6": 291,
    "UIH_20240723_0723-001_20240723.101006.787_m_4": 281,
    "UIH_20240723_0723-001_20240723.101133.464_m_4": 752,
    "UIH_20240723_0723-002_20240723.151553.855_m_4": 258,
    "UIH_20240724_0724-003_20240724.185343.762_m_4": 224,
    "UIH_20240725_0725-003_20240725.150753.340_m_4": 0,
    "UIH_20240725_0725-004_20240725.160813.006_m_4": 551,
    "UIH_20240726_0726-002_20240726.133914.555_m_4": 0,
    "UIH_20240726_0726-003_20240726.151656.892_m_4": 0,
    "UIH_20240729_abd_20240729.193720.455_m_4": 564,
    "UIH_20240730_0730-002_20240730.140055.341_m_4": 2661,
    "UIH_20240731_0731-001_20240731.112051.845_m_4": 1177,
    "UIH_20240731_0731-002_20240731.110632.348_m_4": 1025,
    "UIH_20240731_0731-003_20240731.104436.353_m_4": 621,
    "UIH_20240731_0731-004_20240731.100250.933_m_4": 0,
    "UIH_20240731_0731-005_20240731.134924.741_m_4": 0,
    "UIH_20240731_0731-005_20240731.190631.851_m_4": 0,
    "UIH_20240731_0731-006_20240731.141105.225_m_4": 499,
    "UIH_20240731_0731-006_20240731.191949.871_m_4": 143,
    "UIH_20240731_0731-007_20240731.142836.248_m_4": 0,
    "UIH_20240731_0731-007_20240731.193909.959_m_4": 616,
    "UIH_20240731_0731-008_20240731.144136.797_m_4": 445,
    "UIH_20240801_0801-001_20240801.103609.132_m_4": 2661,
    "UIH_20240801_0801-002_20240801.104715.381_m_4": 1239,
    "UIH_20240801_0801-003_20240801.110535.224_m_4": 1331,
    "UIH_20240801_0801-004_20240801.142341.266_m_4": 1212,
    "UIH_20240801_0801-006_20240801.144526.084_m_4": 1552,
    "UIH_20240801_0801-007_20240801.150706.987_m_4": 0,
    "UIH_20240801_0801-009_20240801.155032.045_m_4": 608,
    "UIH_20240801_0801-010_20240801.155805.214_m_4": 1091,
    "UIH_20240802_0802-002_20240802.103557.557_m_4": 0,
    "UIH_20240802_0802-004_20240802.105332.074_m_4": 758,
    "UIH_20240806_0806-001_20240806.134348.876_m_4": 0,
    "UIH_20240806_0806-002_20240806.141424.133_m_5": 0,
    "UIH_20240806_0806-003_20240806.143240.156_m_4": 414,
    "UIH_20240806_0806-005_20240806.170429.370_m_4": 0,
    "UIH_20240806_0806-007_20240806.173241.103_m_4": 0,
    "UIH_20240813_0813-001_20240813.093107.104_m_7": 0,
    "UIH_20240813_0813-001_20240813.095721.469_m_6": 0,
    "UIH_20240813_0813-002_20240813.102638.672_m_6": 0,
    "UIH_20240813_0813-003_20240813.105451.310_m_6": 0,
    "UIH_20240813_0813-003_20240813.110026.974_m_7": 0,
    "UIH_20240813_0813-003_20240813.110026.974_m_8": 0,
    "UIH_20240813_0813-004_20240813.111944.942_m_6": 0,
    "UIH_20240813_0813-004_20240813.112658.638_m_7": 0,
    "UIH_20240815_0815-003_20240815.101918.192_m_6": 107,
    "UIH_20240815_0815-005_20240815.110457.183_m_6": 0,
    "UIH_20240816_0816-002_20240816.133756.511_m_6": 597,
    "UIH_20240820_0820-001_20240820.092845.010_m_4": 982,
    "UIH_20240820_0820-001_20240820.101923.758_m_4": 0,
    "UIH_20240821_0821-001_20240821.093023.999_m_6": 0,
    "UIH_20240821_0821-001_20240821.094523.582_m_29": 0,
    "UIH_20240821_0821-002_20240821.100420.258_m_4": 0,
    "UIH_20240821_0821-002_20240821.101657.020_m_4": 650,
    "UIH_20240821_0821-003_20240821.103419.427_m_4": 0,
    "UIH_20240821_0821-003_20240821.104309.368_m_4": 0,
    "UIH_20240822_0822-001_20240822.092537.688_m_4": 0,
    "UIH_20240822_0822-001_20240822.092545.361_m_7": 0,
    "UIH_20240823_0823-001_20240823.093553.790_m_4": 874,
    "UIH_20240823_0823-002_20240823.100137.142_m_29": 0,
    "UIH_20240823_0823-003_20240823.101945.241_m_5": 0,
    "UIH_20240823_0823-003_20240823.101945.241_m_6": 0,
    "UIH_20240823_0823-003_20240823.104429.393_m_6": 799,
    "UIH_20240826_0826-001_20240826.092552.128_m_4": 729,
    "UIH_20240827_0827-001_20240827.095220.646_m_4": 0,
    "UIH_20240827_0827-001_20240827.100111.931_m_4": 0,
    "UIH_20240827_0827-002_20240827.092057.932_m_4": 132,
    "UIH_20240827_0827-002_20240827.092718.816_m_4": 294,
    "UIH_20240827_0827-003_20240827.103335.696_m_8": 0,
    "UIH_20240828_0828-001_20240828.092654.933_m_5": 864,
    "UIH_20240828_0828-001_20240828.095215.222_m_4": 0,
    "UIH_20240828_0828-002_20240828.101854.381_m_4": 578,
    "UIH_20240828_0828-003_20240828.102231.306_m_4": 197,
    "UIH_20240829_0829-001_20240829.093921.757_m_4": 185,
    "UIH_20240829_0829-002_20240829.100759.241_m_4": 760,
    "UIH_20240829_0829-003_20240829.104625.735_m_4": 151,
    "UIH_20240830_0830-001_20240830.091215.709_m_4": 262,
    "UIH_20240830_0830-001_20240830.093253.862_m_4": 377,
    "UIH_20240830_0830-003_20240830.094752.646_m_4": 158,
    "UIH_20240830_0830-004_20240830.100933.902_m_4": 143,
    "UIH_20240902_0902-002_20240902.104324.693_m_4": 108,
    "UIH_20240903_0903-005_20240903.105109.821_m_29": 0
}