{
  
  "20240717.134711.428_m_18": 119,
  "20240717.174355.794_m_9": 0,
  "20240718.110605.591_m_10": 15,
  "20240718.110605.591_m_15": 18,
  "20240718.190530.561_m_9": 0,
  "20240719.101434.864_m_9": 56,
  "20240719.142340.499_m_9": 33,
  "20240720.163121.627_m_10": 0,
  "20240720.163121.627_m_15": 22,
  "UIH_20240718_0718-001_20240718.102728.977_m_9": 0,
  "UIH_20240718_0718-002_20240718.142216.336_m_9": 0,
  "UIH_20240718_0718-004_20240718.172130.613_m_9": 0,
  "UIH_20240718_0718-005_20240718.192531.504_m_9": 0,
  "UIH_20240719_0719-001_20240719.102222.606_m_9": 0,
  "UIH_20240720_0720-001_20240720.153316.994_m_9": 1258,
  "UIH_20240720_0720-002_20240720.140950.653_m_9": 0,
  "UIH_20240722_0722-001_20240722.101806.951_m_9": 1333,
  "UIH_20240722_0722-002_20240722.141440.785_m_12": 0,
  "UIH_20240722_0722-003_20240722.150934.827_m_9": 1022,
  "UIH_20240722_0722-005_20240722.195636.828_m_11": 1054,
  "UIH_20240723_0723-001_20240723.101006.787_m_14": 0,
  "UIH_20240723_0723-001_20240723.101133.464_m_9": 0,
  "UIH_20240724_0724-002_20240724.161038.685_m_9": 0,
  "UIH_20240725_0725-002_20240725.135342.203_m_10": 666,
  "UIH_20240725_0725-003_20240725.150753.340_m_9": 0,
  "UIH_20240725_0725-004_20240725.160813.006_m_9": 1068,
  "UIH_20240726_0726-001_20240726.100118.968_m_9": 947,
  "UIH_20240726_0726-002_20240726.133914.555_m_9": 923,
  "UIH_20240726_0726-003_20240726.151656.892_m_9": 0,
  "UIH_20240729_0729-001_20240729.163733.294_m_9": 409,
  "UIH_20240729_abd_20240729.193720.455_m_9": 282,
  "UIH_20240730_0730-002_20240730.140055.341_m_9": 2421,
  "UIH_20240731_0731-001_20240731.110753.151_m_9": 937,
  "UIH_20240731_0731-001_20240731.112051.845_m_9": 516,
  "UIH_20240731_0731-002_20240731.110632.348_m_9": 847,
  "UIH_20240731_0731-003_20240731.104436.353_m_9": 1150,
  "UIH_20240731_0731-004_20240731.100744.831_m_13": 5,
  "UIH_20240731_0731-005_20240731.190631.851_m_9": 187,
  "UIH_20240731_0731-006_20240731.191949.871_m_9": 224,
  "UIH_20240731_0731-007_20240731.142836.248_m_7": 11,
  "UIH_20240731_0731-007_20240731.193909.959_m_9": 39,
  "UIH_20240731_0731-008_20240731.144136.797_m_9": 680,
  "UIH_20240801_0801-001_20240801.103609.132_m_9": 2016,
  "UIH_20240801_0801-002_20240801.104715.381_m_9": 1619,
  "UIH_20240801_0801-004_20240801.142341.266_m_9": 1060,
  "UIH_20240801_0801-005_20240801.143318.634_m_9": 656,
  "UIH_20240801_0801-006_20240801.144526.084_m_9": 815,
  "UIH_20240801_0801-007_20240801.150706.987_m_9": 398,
  "UIH_20240801_0801-008_20240801.151827.041_m_9": 2661,
  "UIH_20240801_0801-010_20240801.155805.214_m_9": 974,
  "UIH_20240802_0802-002_20240802.103557.557_m_9": 236,
  "UIH_20240802_0802-004_20240802.105332.074_m_9": 689,
  "UIH_20240802_0803-003_20240802.104504.121_m_9": 607,
  "UIH_20240805_0805-002_20240805.152828.672_m_9": 480,
  "UIH_20240806_0806-003_20240806.143240.156_m_9": 159,
  "UIH_20240806_0806-006_20240806.172448.755_m_9": 0,
  "UIH_20240813_0813-002_20240813.102638.672_m_11": 0,
  "UIH_20240813_0813-003_20240813.105451.310_m_11": 0,
  "UIH_20240813_0813-004_20240813.111944.942_m_11": 0,
  "UIH_20240815_0815-001_20240815.093033.097_m_11": 0,
  "UIH_20240815_0815-005_20240815.110457.183_m_11": 20,
  "UIH_20240816_0816-003_20240816.141354.776_m_12": 331,
  "UIH_20240820_0820-002_20240820.101815.615_m_11": 1121,
  "UIH_20240821_0821-001_20240821.094523.582_m_34": 218,
  "UIH_20240821_0821-002_20240821.101657.020_m_9": 0,
  "UIH_20240821_0821-003_20240821.103419.427_m_9": 156,
  "UIH_20240821_0821-003_20240821.104309.368_m_9": 0,
  "UIH_20240822_0822-001_20240822.092537.688_m_9": 118,
  "UIH_20240822_0822-001_20240822.092545.361_m_12": 0,
  "UIH_20240822_0822-002_20240822.094946.494_m_9": 87,
  "UIH_20240822_0822-002_20240822.095757.056_m_8": 396,
  "UIH_20240822_0822-003_20240822.100833.411_m_9": 10,
  "UIH_20240823_0823-001_20240823.093553.790_m_9": 145,
  "UIH_20240823_0823-002_20240823.093542.705_m_12": 0,
  "UIH_20240823_0823-002_20240823.100137.142_m_34": 227,
  "UIH_20240823_0823-003_20240823.101945.241_m_11": 657,
  "UIH_20240823_0823-003_20240823.104429.393_m_11": 228,
  "UIH_20240826_0826-001_20240826.092552.128_m_9": 257,
  "UIH_20240826_0826-002_20240826.095454.110_m_9": 144,
  "UIH_20240827_0827-001_20240827.095220.646_m_9": 247,
  "UIH_20240827_0827-001_20240827.100111.931_m_9": 1087,
  "UIH_20240827_0827-002_20240827.092057.932_m_12": 0,
  "UIH_20240827_0827-002_20240827.092057.932_m_9": 0,
  "UIH_20240827_0827-002_20240827.092718.816_m_9": 78,
  "UIH_20240827_0827-003_20240827.103335.696_m_13": 0,
  "UIH_20240828_0828-001_20240828.092654.933_m_10": 0,
  "UIH_20240828_0828-001_20240828.095215.222_m_9": 107,
  "UIH_20240828_0828-002_20240828.095204.020_m_9": 115,
  "UIH_20240828_0828-002_20240828.101854.381_m_9": 77,
  "UIH_20240828_0828-003_20240828.102231.306_m_9": 0,
  "UIH_20240829_0829-001_20240829.093921.757_m_9": 120,
  "UIH_20240829_0829-003_20240829.104625.735_m_9": 469,
  "UIH_20240830_0830-001_20240830.093253.862_m_9": 134,
  "UIH_20240830_0830-002_20240830.092647.614_m_9": 69,
  "UIH_20240830_0830-002_20240830.095729.634_m_9": 36,
  "UIH_20240830_0830-003_20240830.094752.646_m_9": 0,
  "UIH_20240830_0830-004_20240830.100933.902_m_9": 36,
  "UIH_20240902_0902-001_20240902.100718.429_m_9": 0,
  "UIH_20240902_0902-002_20240902.104324.693_m_9": 18,
  "UIH_20240903_0903-005_20240903.105109.821_m_34": 9
}