{"UIH_20240718_0718-001_20240718.102728.977_m_13": 0, "UIH_20240718_0718-003_20240718.152042.071_m_13": 0, "UIH_20240718_0718-005_20240718.192531.504_m_14": 0, "UIH_20240718_0718-005_20240718.192531.504_m_15": 0, "UIH_20240718_0718-005_20240718.192531.504_m_16": 0, "UIH_20240722_0722-003_20240722.192445.712_m_13": 0, "UIH_20240722_0722-004_20240722.162026.320_m_13": 0, "UIH_20240722_0722-005_20240722.195636.828_m_16": 668, "UIH_20240723_0723-001_20240723.101133.464_m_13": 616, "UIH_20240723_0723-002_20240723.151553.855_m_13": 526, "UIH_20240724_0724-002_20240724.161038.685_m_13": 695, "UIH_20240724_0724-003_20240724.185343.762_m_13": 353, "UIH_20240726_0726-001_20240726.100118.968_m_13": 643, "UIH_20240726_0726-002_20240726.133914.555_m_13": 1422, "UIH_20240731_0731-001_20240731.112051.845_m_13": 1636, "UIH_20240731_0731-002_20240731.110632.348_m_13": 1894, "UIH_20240731_0731-003_20240731.104436.353_m_13": 1189, "UIH_20240731_0731-006_20240731.191949.871_m_13": 592, "UIH_20240731_0731-008_20240731.144136.797_m_12": 0, "UIH_20240731_0731-008_20240731.195307.844_m_13": 656, "UIH_20240801_0801-002_20240801.104715.381_m_13": 177, "UIH_20240801_0801-004_20240801.142341.266_m_13": 11, "UIH_20240801_0801-005_20240801.143318.634_m_13": 0, "UIH_20240801_0801-008_20240801.151827.041_m_13": 0, "UIH_20240801_0801-009_20240801.155032.045_m_13": 348, "UIH_20240802_0802-001_20240802.102848.361_m_13": 0, "UIH_20240802_0802-002_20240802.103557.557_m_13": 96, "UIH_20240806_0806-004_20240806.165252.276_m_13": 352, "UIH_20240806_0806-005_20240806.170429.370_m_12": 0, "UIH_20240813_0813-004_20240813.111944.942_m_15": 0, "UIH_20240815_0815-001_20240815.093033.097_m_15": 0, "UIH_20240815_0815-003_20240815.101918.192_m_15": 0, "UIH_20240816_0816-002_20240816.133756.511_m_15": 0, "UIH_20240820_0820-001_20240820.101923.758_m_13": 0, "UIH_20240820_0820-002_20240820.101815.615_m_15": 0, "UIH_20240821_0821-001_20240821.093023.999_m_23": 0, "UIH_20240821_0821-002_20240821.100420.258_m_13": 0, "UIH_20240822_0822-001_20240822.092537.688_m_13": 0, "UIH_20240822_0822-001_20240822.092545.361_m_16": 0, "UIH_20240822_0822-002_20240822.094946.494_m_13": 0, "UIH_20240822_0822-002_20240822.095757.056_m_12": 0, "UIH_20240822_0822-003_20240822.100833.411_m_13": 0, "UIH_20240823_0823-001_20240823.093553.790_m_13": 0, "UIH_20240823_0823-001_20240823.100802.500_m_15": 0, "UIH_20240823_0823-002_20240823.093542.705_m_16": 0, "UIH_20240823_0823-002_20240823.100137.142_m_38": 0, "UIH_20240823_0823-003_20240823.104429.393_m_15": 0, "UIH_20240827_0827-001_20240827.095220.646_m_13": 251, "UIH_20240827_0827-001_20240827.100111.931_m_13": 134, "UIH_20240827_0827-002_20240827.092057.932_m_16": 0, "UIH_20240827_0827-002_20240827.092718.816_m_13": 376, "UIH_20240827_0827-003_20240827.103335.696_m_17": 0, "UIH_20240827_0827-003_20240827.103335.696_m_18": 0, "UIH_20240828_0828-001_20240828.092654.933_m_14": 197, "UIH_20240828_0828-001_20240828.095215.222_m_13": 435, "UIH_20240828_0828-002_20240828.101854.381_m_13": 0, "UIH_20240829_0829-001_20240829.093921.757_m_13": 215, "UIH_20240829_0829-003_20240829.104625.735_m_13": 115, "UIH_20240830_0830-001_20240830.091215.709_m_13": 0, "UIH_20240830_0830-001_20240830.093253.862_m_13": 636, "UIH_20240830_0830-002_20240830.092647.614_m_13": 0, "UIH_20240830_0830-002_20240830.095729.634_m_13": 744, "UIH_20240830_0830-003_20240830.094752.646_m_13": 27, "UIH_20240830_0830-004_20240830.100933.902_m_13": 9, "UIH_20240902_0902-001_20240902.100718.429_m_13": 36, "UIH_20240903_0903-005_20240903.105109.821_m_38": 0, "UIH_2024101510252336_m_7_1015-003_2024101510252336_m_7": 1935, "UIH_2024101510412012_m_8_1015-004_2024101510412012_m_8": 1898, "UIH_2024101510571595_m_7_1015-005_2024101510571595_m_7": 1951, "UIH_2024102409402667_m_7_1024-001_2024102409402667_m_7": 1363, "UIH_2024102410105470_m_7_1024-002_2024102410105470_m_7": 1926, "UIH_2024102410323626_m_7_1024-001_2024102410323626_m_7": 1221, "UIH_2024102410505871_m_6_1024-003_2024102410505871_m_6": 703, "UIH_2024102410530754_m_7_1024-002_2024102410530754_m_7": 455, "UIH_2024102411161777_m_14_1024-004_2024102411161777_m_14": 0, "UIH_2024102411161777_m_6_1024-004_2024102411161777_m_6": 0, "UIH_2024102411205688_m_4_1024-003_2024102411205688_m_4": 1221, "UIH_2024102411374912_m_7_1024-004_2024102411374912_m_7": 0, "UIH_2024102413594529_m_6_1024-005_2024102413594529_m_6": 641, "UIH_2024102414011051_m_14_1024-005_2024102414011051_m_14": 974, "UIH_2024102414011051_m_6_1024-005_2024102414011051_m_6": 1016, "UIH_2024102414172800_m_6_1024-006_2024102414172800_m_6": 0, "UIH_2024102414203768_m_8_1024-006_2024102414203768_m_8": 708, "UIH_2024102414412879_m_6_1024-007_2024102414412879_m_6": 396, "UIH_2024102414414742_m_6_1024-007_2024102414414742_m_6": 996, "UIH_2024102414484385_m_6_1024-008_2024102414484385_m_6": 332, "UIH_2024102415065783_m_8_1024-009_2024102415065783_m_8": 855, "UIH_2024102509324327_m_6_1025-001_2024102509324327_m_6": 1900, "UIH_2024102509512495_m_7_1025-002_2024102509512495_m_7": 1897, "UIH_2024102509541325_m_7_1025-002_2024102509541325_m_7": 1049, "UIH_2024102510120573_m_6_1025-003_2024102510120573_m_6": 1028, "UIH_2024102510353145_m_6_1025-004_2024102510353145_m_6": 933, "UIH_2024102510594446_m_6_1025-005_2024102510594446_m_6": 685}