{
    "UIH_20230820_0912-002_20230820.133901.546_m_18": 0,
    "UIH_20230820_0912-003_20230820.140222.985_m_17": 0,
    "UIH_20240816_0816-001_20240816.102951.711_m_33": 472,
    "UIH_20240820_0820-001_20240820.094540.650_m_22": 272,
    "UIH_20240820_0820-001_20240820.101923.758_m_30": 158,
    "UIH_20240820_0820-002_20240820.101815.615_m_34": 0,
    "UIH_20240821_0821-001_20240821.093023.999_m_41": 96,
    "UIH_20240821_0821-002_20240821.100420.258_m_31": 117,
    "UIH_20240821_0821-002_20240821.101657.020_m_33": 53,
    "UIH_20240821_0821-003_20240821.103419.427_m_31": 6,
    "UIH_20240822_0822-001_20240822.092537.688_m_32": 0,
    "UIH_20240823_0823-003_20240823.101945.241_m_33": 249,
    "UIH_20240823_0823-003_20240823.104429.393_m_33": 0,
    "UIH_20240827_0827-001_20240827.095220.646_m_34": 74,
    "UIH_20240827_0827-001_20240827.100111.931_m_31": 413,
    "UIH_20240827_0827-002_20240827.092057.932_m_35": 0,
    "UIH_20240827_0827-002_20240827.092718.816_m_31": 0,
    "UIH_20240828_0828-002_20240828.101854.381_m_31": 282,
    "UIH_20240830_0830-001_20240830.093253.862_m_31": 0,
    "UIH_20240830_0830-002_20240830.092647.614_m_32": 0,
    "UIH_20240830_0830-002_20240830.095729.634_m_31": 181,
    "UIH_20240830_0830-003_20240830.094752.646_m_31": 0,
    "UIH_20240902_0902-001_20240902.100718.429_m_31": 0,
    "UIH_20240903_0903-001_20240903.095913.829_m_17": 196,
    "UIH_20240903_0903-002_20240903.094757.063_m_17": 9,
    "UIH_20240903_0903-002_20240903.101649.069_m_15": 0,
    "UIH_20240903_0903-003_20240903.101257.575_m_17": 9,
    "UIH_20240903_0903-003_20240903.104634.782_m_17": 0,
    "UIH_20240903_0903-004_20240903.103837.499_m_17": 9,
    "UIH_20240903_0903-005_20240903.105109.821_m_17": 9,
    "UIH_20240904_0904-003_20240904.101516.697_m_17": 229,
    "UIH_20240904_0904-003_20240904.103733.958_m_22": 0,
    "UIH_20240904_0904-004_20240904.103138.099_m_17": 394,
    "UIH_20240904_0904-005_20240904.105526.872_m_18": 498,
    "UIH_20240905_0905-001_20240905.092003.112_m_17": 0,
    "UIH_20240905_0905-001_20240905.095217.987_m_17": 0,
    "UIH_20240905_0905-002_20240905.093712.815_m_17": 0,
    "UIH_20240905_0905-002_20240905.101157.101_m_19": 0,
    "UIH_20240905_0905-003_20240905.095606.004_m_17": 0,
    "UIH_20240905_0905-003_20240905.104442.030_m_18": 0,
    "UIH_20240905_0905-004_20240905.110451.553_m_20": 0,
    "UIH_20240905_0905-004_20240905.110451.553_m_22": 0,
    "UIH_20240906_0906--003_20240906.095321.177_m_17": 0,
    "UIH_20240906_0906-001_20240906.091040.031_m_18": 0,
    "UIH_20240906_0906-002_20240906.093055.465_m_17": 0,
    "UIH_20240906_0906-002_20240906.094541.998_m_17": 0,
    "UIH_20240906_0906-004_20240906.101143.605_m_17": 0,
    "UIH_20240909_0909-001_20240909.091657.465_m_17": 0,
    "UIH_20240909_0909-001_20240909.095448.214_m_16": 0,
    "UIH_20240909_0909-002_20240909.093155.125_m_15": 0,
    "UIH_20240909_0909-002_20240909.102035.356_m_17": 0,
    "UIH_20240909_0909-002_20240909.102035.356_m_18": 0,
    "UIH_20240909_0909-003_20240909.095547.430_m_18": 0,
    "UIH_20240909_0909-003_20240909.105120.632_m_17": 0,
    "UIH_20240909_0909-004_20240909.101037.708_m_18": 0,
    "UIH_20240909_0909-006_20240909.105639.495_m_17": 0,
    "UIH_20240910_0910-001_20240910.091742.085_m_18": 0,
    "UIH_20240910_0910-005_20240910.103358.251_m_17": 0,
    "UIH_20240911_0911-001_20240911.092248.684_m_17": 0,
    "UIH_20240911_0911-001_20240911.093557.888_m_17": 0,
    "UIH_20240911_0911-002_20240911.093330.765_m_18": 0,
    "UIH_20240911_0911-002_20240911.095308.524_m_18": 0,
    "UIH_20240911_0911-003_20240911.095458.359_m_18": 0,
    "UIH_20240911_0911-004_20240911.101208.098_m_17": 0,
    "UIH_20240911_0911-005_20240911.102727.231_m_17": 0,
    "UIH_20240911_0911-006_20240911.105333.514_m_17": 0,
    "UIH_20240911_0912-001_20240911.092248.684_m_17": 0,
    "UIH_20240913_0913-001_20240913.134413.177_m_17": 630,
    "UIH_20240913_0913-002_20240913.094524.528_m_17": 0,
    "UIH_20240913_0913-003_20240913.141759.582_m_17": 271,
    "UIH_20240914_0914-001_20240914.103631.550_m_17": 366,
    "UIH_20240914_0914-001_20240914.132300.341_m_17": 886,
    "UIH_20240914_0914-002_20240914.102308.769_m_17": 563,
    "UIH_20240914_0914-002_20240914.133907.313_m_17": 190,
    "UIH_20240914_0914-003_20240914.135323.240_m_18": 75,
    "UIH_20240914_0914-004_20240914.094742.190_m_17": 165,
    "UIH_20240914_0914-004_20240914.140525.983_m_17": 300,
    "UIH_20240914_0914-005_20240914.093612.582_m_18": 387,
    "UIH_20240914_0914-005_20240914.141941.966_m_17": 546,
    "UIH_20240914_0914-006_20240914.143540.710_m_17": 580,
    "UIH_20240918_0918-002_20240918.094048.148_m_17": 907,
    "UIH_20240918_0918-003_20240918.100509.635_m_17": 1028,
    "UIH_20240918_0918-005_20240918.103922.338_m_17": 77,
    "UIH_20240918_0918-006_20240918.104800.661_m_18": 550,
    "UIH_20240919_0919-001_20240919.092124.822_m_17": 500,
    "UIH_20240919_0919-001_20240919.123221.999_m_18": 979,
    "UIH_20240919_0919-002_20240919.093114.912_m_17": 0,
    "UIH_20240919_0919-002_20240919.124753.582_m_19": 362,
    "UIH_20240919_0919-003_20240919.095446.293_m_17": 0,
    "UIH_20240919_0919-003_20240919.130259.982_m_17": 1061,
    "UIH_20240919_0919-004_20240919.101919.896_m_22": 45,
    "UIH_20240919_0919-005_20240919.105244.732_m_17": 0,
    "UIH_20240920_0920-001_20240920.130509.729_m_17": 0,
    "UIH_20240920_0920-002_20240920.132152.702_m_17": 0,
    "UIH_20240920_0920-003_20240920.202916.189_m_19": 0,
    "UIH_20240920_0920-005_20240920.205442.197_m_19": 0,
    "UIH_20240924_0924-001_20240924.100434.240_m_17": 241,
    "UIH_20240924_0924-002_20240924.102037.693_m_18": 148,
    "UIH_20240924_0924-003_20240924.103230.953_m_18": 235,
    "UIH_20240924_0924-004_20240924.105454.408_m_19": 127,
    "UIH_20240816_0816-001_20240816.102951.711_m_24": 42,
    "UIH_20240816_0816-002_20240816.133756.511_m_24": 591,
    "UIH_20240820_0820-001_20240820.094540.650_m_11": 496,
    "UIH_20240820_0820-001_20240820.101923.758_m_22": 543,
    "UIH_20240820_0820-002_20240820.101815.615_m_24": 0,
    "UIH_20240821_0821-001_20240821.093023.999_m_32": 216,
    "UIH_20240821_0821-001_20240821.094523.582_m_8": 44,
    "UIH_20240821_0821-002_20240821.100420.258_m_22": 196,
    "UIH_20240821_0821-002_20240821.101657.020_m_23": 2,
    "UIH_20240821_0821-003_20240821.103419.427_m_22": 142,
    "UIH_20240821_0821-003_20240821.104309.368_m_22": 36,
    "UIH_20240822_0822-001_20240822.092537.688_m_22": 2,
    "UIH_20240822_0822-002_20240822.094946.494_m_23": 132,
    "UIH_20240823_0823-001_20240823.093553.790_m_22": 192,
    "UIH_20240823_0823-001_20240823.100802.500_m_26": 99,
    "UIH_20240823_0823-002_20240823.100137.142_m_8": 271,
    "UIH_20240823_0823-003_20240823.101945.241_m_24": 0,
    "UIH_20240826_0826-001_20240826.092552.128_m_22": 459,
    "UIH_20240826_0826-002_20240826.095454.110_m_23": 277,
    "UIH_20240827_0827-001_20240827.095220.646_m_25": 0,
    "UIH_20240827_0827-002_20240827.092057.932_m_26": 0,
    "UIH_20240828_0828-001_20240828.095215.222_m_22": 33,
    "UIH_20240828_0828-002_20240828.095204.020_m_22": 473,
    "UIH_20240828_0828-003_20240828.102231.306_m_23": 761,
    "UIH_20240829_0829-002_20240829.100759.241_m_22": 79,
    "UIH_20240829_0829-003_20240829.104625.735_m_22": 40,
    "UIH_20240830_0830-001_20240830.091215.709_m_22": 115,
    "UIH_20240830_0830-003_20240830.094752.646_m_22": 198,
    "UIH_20240830_0830-004_20240830.100933.902_m_22": 216,
    "UIH_20240903_0903-001_20240903.093234.090_m_8": 108,
    "UIH_20240903_0903-001_20240903.095913.829_m_8": 7,
    "UIH_20240903_0903-002_20240903.094757.063_m_8": 108,
    "UIH_20240903_0903-002_20240903.101649.069_m_8": 0,
    "UIH_20240903_0903-003_20240903.101257.575_m_8": 108,
    "UIH_20240903_0903-004_20240903.103837.499_m_8": 108,
    "UIH_20240903_0903-005_20240903.105109.821_m_8": 108,
    "UIH_20240904_0904-001_20240904.092034.866_m_8": 108,
    "UIH_20240904_0904-002_20240904.100940.391_m_8": 144,