{
    "UIH_20240827_0827-003_20240827.103335.696_m_21": 0,
    "UIH_20230820_0912-003_20230820.140222.985_m_7": 0,
    "UIH_20240816_0816-001_20240816.102951.711_m_23": 0,
    "UIH_20240816_0816-002_20240816.133756.511_m_23": 0,
    "UIH_20240816_0816-003_20240816.141354.776_m_24": 39,
    "UIH_20240820_0820-001_20240820.094540.650_m_10": 0,
    "UIH_20240820_0820-001_20240820.101923.758_m_21": 0,
    "UIH_20240821_0821-001_20240821.094523.582_m_7": 1085,
    "UIH_20240821_0821-002_20240821.101657.020_m_22": 0,
    "UIH_20240821_0821-003_20240821.103419.427_m_21": 0,
    "UIH_20240821_0821-003_20240821.104309.368_m_21": 0,
    "UIH_20240822_0822-001_20240822.092537.688_m_21": 0,
    "UIH_20240822_0822-002_20240822.094946.494_m_22": 490,
    "UIH_20240822_0822-003_20240822.100833.411_m_21": 0,
    "UIH_20240823_0823-001_20240823.093553.790_m_21": 0,
    "UIH_20240823_0823-001_20240823.100802.500_m_23": 0,
    "UIH_20240823_0823-001_20240823.100802.500_m_25": 0,
    "UIH_20240823_0823-002_20240823.093542.705_m_24": 0,
    "UIH_20240823_0823-002_20240823.100137.142_m_7": 631,
    "UIH_20240823_0823-003_20240823.101945.241_m_23": 0,
    "UIH_20240823_0823-003_20240823.104429.393_m_23": 0,
    "UIH_20240827_0827-001_20240827.095220.646_m_24": 82,
    "UIH_20240827_0827-002_20240827.092718.816_m_21": 348,
    "UIH_20240827_0827-003_20240827.103335.696_m_14": -24,
    "UIH_20240828_0828-001_20240828.092654.933_m_22": 229,
    "UIH_20240828_0828-001_20240828.095215.222_m_21": 62,
    "UIH_20240828_0828-002_20240828.095204.020_m_21": 79,
    "UIH_20240828_0828-002_20240828.101854.381_m_21": 0,
    "UIH_20240829_0829-002_20240829.100759.241_m_21": 0,
    "UIH_20240829_0829-003_20240829.104625.735_m_21": 239,
    "UIH_20240830_0830-001_20240830.091215.709_m_21": 125,
    "UIH_20240830_0830-001_20240830.093253.862_m_21": 125,
    "UIH_20240830_0830-002_20240830.092647.614_m_22": 751,
    "UIH_20240830_0830-002_20240830.095729.634_m_21": 200,
    "UIH_20240830_0830-003_20240830.094752.646_m_21": 123,
    "UIH_20240830_0830-004_20240830.100933.902_m_21": 82,
    "UIH_20240902_0902-001_20240902.100718.429_m_21": 0,
    "UIH_20240903_0903-002_20240903.094757.063_m_7": 108,
    "UIH_20240903_0903-003_20240903.101257.575_m_7": 108,
    "UIH_20240903_0903-004_20240903.103837.499_m_7": 108,
    "UIH_20240904_0904-001_20240904.092034.866_m_7": 108,
    "UIH_20240904_0904-001_20240904.092627.720_m_7": 607,
    "UIH_20240904_0904-003_20240904.101516.697_m_7": 326,
    "UIH_20240904_0904-004_20240904.103138.099_m_7": 67,
    "UIH_20240904_0904-005_20240904.105526.872_m_8": 82,
    "UIH_20240905_0905-001_20240905.092003.112_m_7": 0,
    "UIH_20240905_0905-001_20240905.095217.987_m_7": 0,
    "UIH_20240905_0905-002_20240905.093712.815_m_7": 0,
    "UIH_20240905_0905-002_20240905.101157.101_m_7": 0,
    "UIH_20240905_0905-003_20240905.104442.030_m_7": 0,
    "UIH_20240905_0905-003_20240905.104442.030_m_8": 0,
    "UIH_20240905_0905-004_20240905.110451.553_m_10": 0,
    "UIH_20240906_0906-001_20240906.091040.031_m_8": 0,
    "UIH_20240906_0906-004_20240906.101143.605_m_7": 0,
    "UIH_20240909_0909-001_20240909.091657.465_m_7": 0,
    "UIH_20240909_0909-002_20240909.102035.356_m_4": 0,
    "UIH_20240909_0909-003_20240909.095547.430_m_7": 0,
    "UIH_20240909_0909-003_20240909.105120.632_m_7": 0,
    "UIH_20240910_0910-001_20240910.091742.085_m_8": 0,
    "UIH_20240910_0910-005_20240910.103358.251_m_7": 0,
    "UIH_20240911_0911-001_20240911.093557.888_m_7": 0,
    "UIH_20240911_0911-002_20240911.093330.765_m_8": 0,
    "UIH_20240911_0911-002_20240911.095308.524_m_8": 0,
    "UIH_20240911_0911-003_20240911.095458.359_m_8": 0,
    "UIH_20240911_0911-003_20240911.101135.169_m_7": 0,
    "UIH_20240911_0911-004_20240911.103458.666_m_8": 0,
    "UIH_20240911_0911-005_20240911.102727.231_m_7": 0,
    "UIH_20240911_0912-001_20240911.092248.684_m_7": 0,
    "UIH_20240913_0913-001_20240913.091454.875_m_7": 86,
    "UIH_20240913_0913-001_20240913.134413.177_m_7": 5,
    "UIH_20240913_0913-002_20240913.094524.528_m_7": 164,
    "UIH_20240913_0913-002_20240913.135825.906_m_7": 0,
    "UIH_20240913_0913-003_20240913.141759.582_m_7": 0,
    "UIH_20240914_0914-001_20240914.103631.550_m_7": 377,
    "UIH_20240914_0914-001_20240914.132300.341_m_7": 275,
    "UIH_20240914_0914-002_20240914.133907.313_m_7": 0,
    "UIH_20240914_0914-003_20240914.100701.830_m_7": 953,
    "UIH_20240914_0914-003_20240914.135323.240_m_8": 9,
    "UIH_20240914_0914-004_20240914.094742.190_m_7": 959,
    "UIH_20240914_0914-004_20240914.140525.983_m_7": 13,
    "UIH_20240914_0914-005_20240914.141941.966_m_7": 82,
    "UIH_20240914_0914-006_20240914.143540.710_m_7": 47,
    "UIH_20240918_0918-002_20240918.094048.148_m_7": 225,
    "UIH_20240918_0918-003_20240918.100509.635_m_7": 154,
    "UIH_20240918_0918-004_20240918.102135.524_m_7": 0,
    "UIH_20240918_0918-006_20240918.104800.661_m_8": 0,
    "UIH_20240919_0919-001_20240919.092124.822_m_7": 0,
    "UIH_20240919_0919-001_20240919.123221.999_m_8": 285,
    "UIH_20240919_0919-002_20240919.093114.912_m_7": 234,
    "UIH_20240919_0919-003_20240919.095446.293_m_7": 49,
    "UIH_20240919_0919-003_20240919.130259.982_m_7": 70,
    "UIH_20240919_0919-005_20240919.105244.732_m_7": 173,
    "UIH_20240920_0920-001_20240920.130509.729_m_7": 0,
    "UIH_20240920_0920-003_20240920.202916.189_m_8": 0,
    "UIH_20240920_0920-004_20240920.204618.502_m_7": 0,
    "UIH_20240923_0923-002_20240923.094106.123_m_7": 0,
    "UIH_20240923_0923-003_20240923.102443.238_m_7": 0,
    "UIH_20240924_0924-003_20240924.103230.953_m_7": 106,
    "UIH_20240924_0924-004_20240924.105454.408_m_8": 328,
    "UIH_2024101510104864_m_11_1015-002_2024101510104864_m_11": 289,
    "UIH_2024101510252336_m_10_1015-003_2024101510252336_m_10": 1943
}