{
    "UIH_20240820_0820-001_20240820.094540.650_m_5": 1016,
    "UIH_20240821_0821-001_20240821.093023.999_m_27": 52,
    "UIH_20240821_0821-002_20240821.100420.258_m_17": 58,
    "UIH_20240821_0821-002_20240821.101657.020_m_18": 106,
    "UIH_20240822_0822-001_20240822.092537.688_m_17": 205,
    "UIH_20240822_0822-001_20240822.092545.361_m_20": 0,
    "UIH_20240822_0822-002_20240822.094946.494_m_17": 0,
    "UIH_20240822_0822-003_20240822.100833.411_m_17": 9,
    "UIH_20240823_0823-002_20240823.100137.142_m_3": 276,
    "UIH_20240823_0823-003_20240823.101945.241_m_19": 55,
    "UIH_20240826_0826-002_20240826.095454.110_m_17": 256,
    "UIH_20240827_0827-001_20240827.095220.646_m_19": 10,
    "UIH_20240827_0827-002_20240827.092057.932_m_20": 16,
    "UIH_20240827_0827-003_20240827.103335.696_m_3": 0,
    "UIH_20240829_0829-003_20240829.104625.735_m_17": 12,
    "UIH_20240830_0830-001_20240830.091215.709_m_17": 0,
    "UIH_20240830_0830-001_20240830.093253.862_m_17": 93,
    "UIH_20240902_0902-001_20240902.100718.429_m_17": 0,
    "UIH_20240903_0903-001_20240903.093234.090_m_3": 108,
    "UIH_20240903_0903-001_20240903.095913.829_m_3": 396,
    "UIH_20240903_0903-002_20240903.101649.069_m_3": 0,
    "UIH_20240903_0903-003_20240903.104634.782_m_3": 0,
    "UIH_20240903_0903-005_20240903.105109.821_m_3": 108,
    "UIH_20240904_0904-001_20240904.092627.720_m_3": 286,
    "UIH_20240904_0904-002_20240904.094229.918_m_3": 107,
    "UIH_20240904_0904-003_20240904.101516.697_m_3": 90,
    "UIH_20240904_0904-005_20240904.105526.872_m_3": 104,
    "UIH_20240905_0905-001_20240905.095217.987_m_3": 0,
    "UIH_20240905_0905-002_20240905.093712.815_m_3": 0,
    "UIH_20240905_0905-002_20240905.101157.101_m_3": 0,
    "UIH_20240905_0905-003_20240905.104442.030_m_3": 0,
    "UIH_20240905_0905-004_20240905.110451.553_m_3": 0,
    "UIH_20240906_0906-001_20240906.091942.990_m_3": 0,
    "UIH_20240906_0906-004_20240906.101143.605_m_3": 0,
    "UIH_20240909_0909-003_20240909.105120.632_m_3": 0,
    "UIH_20240910_0910-002_20240910.093759.470_m_3": 0,
    "UIH_20240910_0910-004_20240910.101841.818_m_3": 0,
    "UIH_20240910_0910-005_20240910.103358.251_m_3": 0,
    "UIH_20240911_0911-001_20240911.093557.888_m_3": 0,
    "UIH_20240911_0911-002_20240911.095308.524_m_4": 0,
    "UIH_20240911_0911-003_20240911.095458.359_m_4": 0,
    "UIH_20240911_0912-001_20240911.092248.684_m_3": 0,
    "UIH_20240913_0913-001_20240913.091454.875_m_3": 287,
    "UIH_20240913_0913-001_20240913.134413.177_m_3": 0,
    "UIH_20240913_0913-002_20240913.094524.528_m_3": 0,
    "UIH_20240913_0913-003_20240913.141759.582_m_3": 608,
    "UIH_20240914_0914-002_20240914.102308.769_m_3": 217,
    "UIH_20240914_0914-003_20240914.100701.830_m_3": 309,
    "UIH_20240914_0914-003_20240914.135323.240_m_3": 0,
    "UIH_20240914_0914-004_20240914.140525.983_m_3": 0,
    "UIH_20240914_0914-006_20240914.143540.710_m_3": 137,
    "UIH_20240918_0918-001_20240918.091253.910_m_3": 177,
    "UIH_20240918_0918-002_20240918.094048.148_m_3": 583,
    "UIH_20240918_0918-003_20240918.100509.635_m_3": 50,
    "UIH_20240918_0918-005_20240918.103922.338_m_3": 162,
    "UIH_20240919_0919-001_20240919.092124.822_m_3": 62,
    "UIH_20240919_0919-002_20240919.093114.912_m_3": 610,
    "UIH_20240919_0919-003_20240919.130259.982_m_3": 124,
    "UIH_20240919_0919-004_20240919.101919.896_m_3": 819,
    "UIH_20240919_0919-005_20240919.105244.732_m_3": 0,
    "UIH_20240920_0920-001_20240920.130509.729_m_3": 0,
    "UIH_20240920_0920-004_20240920.204618.502_m_3": 0,
    "UIH_20240920_0920-005_20240920.205442.197_m_3": 0,
    "UIH_20240923_0923-001_20240923.092555.365_m_3": 0,
    "UIH_20240923_0923-002_20240923.094106.123_m_3": 0,
    "UIH_20240923_0923-003_20240923.102443.238_m_3": 0,
    "UIH_20240924_0924-001_20240924.100434.240_m_3": 301,
    "UIH_20240924_0924-002_20240924.102037.693_m_3": 0,
    "UIH_20240924_0924-003_20240924.103230.953_m_3": 310,
    "UIH_2024102409402667_m_1_1024-001_2024102409402667_m_1": 378,
    "UIH_2024102410105470_m_1_1024-002_2024102410105470_m_1": 1926,
    "UIH_2024102410323626_m_1_1024-001_2024102410323626_m_1": 0,
    "UIH_2024102410323626_m_2_1024-001_2024102410323626_m_2": 297,
    "UIH_2024102410530754_m_1_1024-002_2024102410530754_m_1": 1036,
    "UIH_2024102411161777_m_1_1024-004_2024102411161777_m_1": 1926,
    "UIH_2024102411374912_m_1_1024-004_2024102411374912_m_1": 1221,
    "UIH_2024102413594529_m_1_1024-005_2024102413594529_m_1": 860,
    "UIH_2024102414011051_m_1_1024-005_2024102414011051_m_1": 1666,
    "UIH_2024102414172800_m_1_1024-006_2024102414172800_m_1": 485,
    "UIH_2024102414203768_m_3_1024-006_2024102414203768_m_3": 810,
    "UIH_2024102414414742_m_1_1024-007_2024102414414742_m_1": 1240,
    "UIH_2024102414484385_m_1_1024-008_2024102414484385_m_1": 379,
    "UIH_2024102509324327_m_1_1025-001_2024102509324327_m_1": 1231,
    "UIH_2024102509334530_m_1_1025-001_2024102509334530_m_1": 0,
    "UIH_2024102509512495_m_1_1025-002_2024102509512495_m_1": 1217,
    "UIH_2024102509512495_m_2_1025-002_2024102509512495_m_2": 609,
    "UIH_2024102509541325_m_1_1025-002_2024102509541325_m_1": 1216,
    "UIH_2024102510114442_m_1_1025-003_2024102510114442_m_1": 1215,
    "UIH_2024102510120573_m_1_1025-003_2024102510120573_m_1": 832,
    "UIH_2024102510244439_m_1_1025-004_2024102510244439_m_1": 1926,
    "UIH_2024102510353145_m_1_1025-004_2024102510353145_m_1": 1926,
    "UIH_2024102510474018_m_1_1025-006_2024102510474018_m_1": 1025,
    "UIH_2024102510571207_m_1_1025-006_2024102510571207_m_1": 476
}