{"UIH_20230820_0912-002_20230820.133901.546_m_6": 0, "UIH_20230820_0912-003_20230820.140222.985_m_6": 0, "UIH_20240816_0816-001_20240816.102951.711_m_22": 0, "UIH_20240816_0816-002_20240816.133756.511_m_22": 0, "UIH_20240816_0816-003_20240816.141354.776_m_23": 0, "UIH_20240820_0820-001_20240820.094540.650_m_8": 934, "UIH_20240821_0821-001_20240821.093023.999_m_30": 0, "UIH_20240821_0821-002_20240821.101657.020_m_21": 19, "UIH_20240821_0821-003_20240821.104309.368_m_20": 0, "UIH_20240822_0822-001_20240822.092537.688_m_20": 0, "UIH_20240822_0822-001_20240822.092545.361_m_23": 0, "UIH_20240822_0822-002_20240822.095757.056_m_19": 0, "UIH_20240822_0822-003_20240822.100833.411_m_20": 0, "UIH_20240823_0823-001_20240823.093553.790_m_20": 350, "UIH_20240823_0823-002_20240823.093542.705_m_23": 0, "UIH_20240823_0823-002_20240823.100137.142_m_6": 94, "UIH_20240823_0823-003_20240823.101945.241_m_22": 0, "UIH_20240826_0826-001_20240826.092552.128_m_20": 496, "UIH_20240827_0827-001_20240827.095220.646_m_23": 186, "UIH_20240827_0827-001_20240827.100111.931_m_20": 19, "UIH_20240827_0827-002_20240827.092057.932_m_24": 649, "UIH_20240827_0827-002_20240827.092718.816_m_20": 814, "UIH_20240828_0828-001_20240828.092654.933_m_21": 157, "UIH_20240828_0828-001_20240828.095215.222_m_20": 72, "UIH_20240828_0828-002_20240828.101854.381_m_20": 87, "UIH_20240829_0829-001_20240829.093921.757_m_20": 0, "UIH_20240829_0829-002_20240829.100759.241_m_20": 135, "UIH_20240830_0830-001_20240830.091215.709_m_20": 17, "UIH_20240830_0830-001_20240830.093253.862_m_20": 79, "UIH_20240830_0830-002_20240830.092647.614_m_21": 61, "UIH_20240830_0830-002_20240830.095729.634_m_20": 125, "UIH_20240830_0830-003_20240830.094752.646_m_20": 0, "UIH_20240830_0830-004_20240830.100933.902_m_20": 28, "UIH_20240903_0903-001_20240903.093234.090_m_6": 77, "UIH_20240903_0903-001_20240903.095913.829_m_6": 110, "UIH_20240903_0903-002_20240903.101649.069_m_6": 0, "UIH_20240903_0903-003_20240903.101257.575_m_6": 108, "UIH_20240903_0903-003_20240903.104634.782_m_6": 82, "UIH_20240903_0903-004_20240903.103837.499_m_6": 108, "UIH_20240903_0903-005_20240903.105109.821_m_6": 76, "UIH_20240904_0904-001_20240904.092034.866_m_6": 26, "UIH_20240904_0904-002_20240904.100940.391_m_6": 144, "UIH_20240904_0904-003_20240904.101516.697_m_6": 11, "UIH_20240904_0904-003_20240904.103733.958_m_7": 108, "UIH_20240904_0904-004_20240904.103138.099_m_6": 54, "UIH_20240905_0905-001_20240905.092003.112_m_6": 0, "UIH_20240905_0905-001_20240905.095217.987_m_6": 0, "UIH_20240905_0905-002_20240905.093712.815_m_6": 0, "UIH_20240905_0905-002_20240905.101157.101_m_6": 0, "UIH_20240905_0905-003_20240905.095606.004_m_6": 0, "UIH_20240905_0905-003_20240905.104442.030_m_6": 0, "UIH_20240905_0905-004_20240905.110451.553_m_8": 0, "UIH_20240906_0906--003_20240906.095321.177_m_6": 0, "UIH_20240906_0906-001_20240906.091942.990_m_6": 0, "UIH_20240906_0906-002_20240906.093055.465_m_6": 0, "UIH_20240906_0906-002_20240906.094541.998_m_6": 0, "UIH_20240906_0906-004_20240906.101143.605_m_6": 0, "UIH_20240909_0909-001_20240909.091657.465_m_6": 0, "UIH_20240909_0909-002_20240909.102035.356_m_2": 0, "UIH_20240909_0909-003_20240909.095547.430_m_6": 0, "UIH_20240909_0909-003_20240909.105120.632_m_6": 0, "UIH_20240909_0909-004_20240909.101037.708_m_7": 0, "UIH_20240909_0909-005_20240909.103448.286_m_6": 0, "UIH_20240909_0909-006_20240909.105639.495_m_6": 0, "UIH_20240910_0910-001_20240910.091742.085_m_7": 0, "UIH_20240910_0910-003_20240910.095205.777_m_6": 0, "UIH_20240910_0910-004_20240910.101841.818_m_6": 0, "UIH_20240911_0911-001_20240911.093557.888_m_6": 0, "UIH_20240911_0911-002_20240911.095308.524_m_7": 0, "UIH_20240911_0911-003_20240911.095458.359_m_7": 0, "UIH_20240911_0911-004_20240911.103458.666_m_6": 0, "UIH_20240911_0911-006_20240911.105333.514_m_6": 0, "UIH_20240913_0913-002_20240913.094524.528_m_6": 43, "UIH_20240913_0913-002_20240913.135825.906_m_6": 839, "UIH_20240913_0913-003_20240913.101137.483_m_6": 78, "UIH_20240913_0913-003_20240913.141759.582_m_6": 41, "UIH_20240914_0914-001_20240914.103631.550_m_6": 112, "UIH_20240914_0914-001_20240914.132300.341_m_6": 170, "UIH_20240914_0914-002_20240914.102308.769_m_6": 1092, "UIH_20240914_0914-002_20240914.133907.313_m_6": 164, "UIH_20240914_0914-003_20240914.100701.830_m_6": 170, "UIH_20240914_0914-003_20240914.135323.240_m_7": 142, "UIH_20240914_0914-004_20240914.140525.983_m_6": 726, "UIH_20240914_0914-006_20240914.143540.710_m_6": 116, "UIH_20240918_0918-001_20240918.091253.910_m_6": 144, "UIH_20240918_0918-002_20240918.094048.148_m_6": 127, "UIH_20240918_0918-004_20240918.102135.524_m_6": 73, "UIH_20240918_0918-005_20240918.103922.338_m_6": 628, "UIH_20240918_0918-006_20240918.104800.661_m_7": 235, "UIH_20240919_0919-001_20240919.092124.822_m_6": 53, "UIH_20240919_0919-001_20240919.123221.999_m_7": 197, "UIH_20240919_0919-002_20240919.093114.912_m_6": 0, "UIH_20240919_0919-003_20240919.130259.982_m_6": 418, "UIH_20240919_0919-004_20240919.101919.896_m_11": 44, "UIH_20240920_0920-001_20240920.130509.729_m_6": 0, "UIH_20240920_0920-002_20240920.132152.702_m_6": 0, "UIH_20240920_0920-004_20240920.204618.502_m_6": 0, "UIH_20240924_0924-001_20240924.100434.240_m_6": 192, "UIH_20240924_0924-002_20240924.102037.693_m_6": 266, "UIH_20240924_0924-003_20240924.103230.953_m_6": 160}